<?xml version="1.0" encoding="UTF-8" standalone="yes"?>
<APEN>
    <AAP>
        <NAAM>Banana</NAAM>
        <SOORT>maki</SOORT>
        <FAMILIE>halfapen</FAMILIE>
        <GESLACHT>VROUW</GESLACHT>
        <GEBOORTE>2010-10-10</GEBOORTE>
        <GEWICHT>1.2</GEWICHT>
        <KOOI>K010</KOOI>
    </AAP>
    <AAP>
        <NAAM>Bumba</NAAM>
        <SOORT>doodshoofdaap</SOORT>
        <FAMILIE>kapucijnapen</FAMILIE>
        <GESLACHT>VROUW</GESLACHT>
        <GEBOORTE>2007-03-13</GEBOORTE>
        <GEWICHT>0.7</GEWICHT>
        <KOOI>K008</KOOI>
    </AAP>
    <AAP>
        <NAAM>Griezel</NAAM>
        <SOORT>doodshoofdaap</SOORT>
        <FAMILIE>kapucijnapen</FAMILIE>
        <GESLACHT>VROUW</GESLACHT>
        <GEBOORTE>2012-12-26</GEBOORTE>
        <GEWICHT>0.5</GEWICHT>
        <KOOI>K008</KOOI>
    </AAP>
    <AAP>
        <NAAM>Grompy</NAAM>
        <SOORT>brulaap</SOORT>
        <FAMILIE>grijpstaartapen</FAMILIE>
        <GESLACHT>MAN</GESLACHT>
        <GEBOORTE>1999-05-13</GEBOORTE>
        <GEWICHT>7.2</GEWICHT>
        <KOOI>K006</KOOI>
    </AAP>
    <AAP>
        <NAAM>Gust</NAAM>
        <SOORT>gorilla</SOORT>
        <FAMILIE>mensapen</FAMILIE>
        <GESLACHT>MAN</GESLACHT>
        <GEBOORTE>1980-11-04</GEBOORTE>
        <GEWICHT>175.0</GEWICHT>
        <KOOI>G201</KOOI>
    </AAP>
    <AAP>
        <NAAM>Java</NAAM>
        <SOORT>leeuwaap</SOORT>
        <FAMILIE>klauwapen</FAMILIE>
        <GESLACHT>MAN</GESLACHT>
        <GEBOORTE>2010-11-13</GEBOORTE>
        <GEWICHT>0.42</GEWICHT>
        <KOOI>K034</KOOI>
    </AAP>
    <AAP>
        <NAAM>Kingkong</NAAM>
        <SOORT>orang-oetan</SOORT>
        <FAMILIE>mensapen</FAMILIE>
        <GESLACHT>MAN</GESLACHT>
        <GEBOORTE>1982-09-20</GEBOORTE>
        <GEWICHT>67.0</GEWICHT>
        <KOOI>G214</KOOI>
    </AAP>
    <AAP>
        <NAAM>Koko</NAAM>
        <SOORT>bonobo</SOORT>
        <FAMILIE>mensapen</FAMILIE>
        <GESLACHT>MAN</GESLACHT>
        <GEBOORTE>1981-08-18</GEBOORTE>
        <GEWICHT>38.0</GEWICHT>
        <KOOI>G199</KOOI>
    </AAP>
    <AAP>
        <NAAM>Louie</NAAM>
        <SOORT>orang-oetan</SOORT>
        <FAMILIE>mensapen</FAMILIE>
        <GESLACHT>MAN</GESLACHT>
        <GEBOORTE>1992-01-24</GEBOORTE>
        <GEWICHT>75.0</GEWICHT>
        <KOOI>G215</KOOI>
    </AAP>
    <AAP>
        <NAAM>Monkey</NAAM>
        <SOORT>leeuwaap</SOORT>
        <FAMILIE>klauwapen</FAMILIE>
        <GESLACHT>MAN</GESLACHT>
        <GEBOORTE>2002-10-15</GEBOORTE>
        <GEWICHT>0.65</GEWICHT>
        <KOOI>K033</KOOI>
    </AAP>
    <AAP>
        <NAAM>Nancy</NAAM>
        <SOORT>neusaap</SOORT>
        <FAMILIE>bladapen</FAMILIE>
        <GESLACHT>VROUW</GESLACHT>
        <GEBOORTE>1999-11-09</GEBOORTE>
        <GEWICHT>13.0</GEWICHT>
        <KOOI>K014</KOOI>
    </AAP>
    <AAP>
        <NAAM>Nikita</NAAM>
        <SOORT>maki</SOORT>
        <FAMILIE>halfapen</FAMILIE>
        <GESLACHT>VROUW</GESLACHT>
        <GEBOORTE>2007-06-07</GEBOORTE>
        <GEWICHT>1.1</GEWICHT>
        <KOOI>K010</KOOI>
    </AAP>
    <AAP>
        <NAAM>Pinky</NAAM>
        <SOORT>gorilla</SOORT>
        <FAMILIE>mensapen</FAMILIE>
        <GESLACHT>VROUW</GESLACHT>
        <GEBOORTE>2004-02-10</GEBOORTE>
        <GEWICHT>82.0</GEWICHT>
        <KOOI>G203</KOOI>
    </AAP>
    <AAP>
        <NAAM>Pinokkio</NAAM>
        <SOORT>neusaap</SOORT>
        <FAMILIE>bladapen</FAMILIE>
        <GESLACHT>MAN</GESLACHT>
        <GEBOORTE>2003-09-19</GEBOORTE>
        <GEWICHT>11.0</GEWICHT>
        <KOOI>K016</KOOI>
    </AAP>
    <AAP>
        <NAAM>Pipi</NAAM>
        <SOORT>bonobo</SOORT>
        <FAMILIE>mensapen</FAMILIE>
        <GESLACHT>VROUW</GESLACHT>
        <GEBOORTE>2005-03-04</GEBOORTE>
        <GEWICHT>29.0</GEWICHT>
        <KOOI>G199</KOOI>
    </AAP>
    <AAP>
        <NAAM>Rosa</NAAM>
        <SOORT>orang-oetan</SOORT>
        <FAMILIE>mensapen</FAMILIE>
        <GESLACHT>VROUW</GESLACHT>
        <GEBOORTE>1992-01-24</GEBOORTE>
        <GEWICHT>73.0</GEWICHT>
        <KOOI>G215</KOOI>
    </AAP>
    <AAP>
        <NAAM>Shout</NAAM>
        <SOORT>brulaap</SOORT>
        <FAMILIE>grijpstaartapen</FAMILIE>
        <GESLACHT>MAN</GESLACHT>
        <GEBOORTE>1997-02-27</GEBOORTE>
        <GEWICHT>6.0</GEWICHT>
        <KOOI>K006</KOOI>
    </AAP>
    <AAP>
        <NAAM>Sneeuwvlokje</NAAM>
        <SOORT>gorilla</SOORT>
        <FAMILIE>mensapen</FAMILIE>
        <GESLACHT>VROUW</GESLACHT>
        <GEBOORTE>1992-01-16</GEBOORTE>
        <GEWICHT>95.0</GEWICHT>
        <KOOI>G201</KOOI>
    </AAP>
</APEN>
