<?xml version="1.0" ?>
<apen>
  <soort>bonobo
    <aap>
      <naam>Koko</naam>
      <gewicht>38.0</gewicht>
      <geboorte>1981-08-18</geboorte>
      <kooi>G199</kooi>
    </aap>
    <aap>
      <naam>Pipi</naam>
      <gewicht>29.0</gewicht>
      <geboorte>2005-03-04</geboorte>
      <kooi>G199</kooi>
    </aap>
  </soort>
  <soort>brulaap
    <aap>
      <naam>Grompy</naam>
      <gewicht>7.2</gewicht>
      <geboorte>1999-05-13</geboorte>
      <kooi>K006</kooi>
    </aap>
    <aap>
      <naam>Shout</naam>
      <gewicht>6.0</gewicht>
      <geboorte>1997-02-27</geboorte>
      <kooi>K006</kooi>
    </aap>
  </soort>
  <soort>doodshoofdaap
    <aap>
      <naam>Bumba</naam>
      <gewicht>0.7</gewicht>
      <geboorte>2007-03-13</geboorte>
      <kooi>K008</kooi>
    </aap>
    <aap>
      <naam>Griezel</naam>
      <gewicht>0.5</gewicht>
      <geboorte>2012-12-26</geboorte>
      <kooi>K008</kooi>
    </aap>
  </soort>
  <soort>gorilla
    <aap>
      <naam>Gust</naam>
      <gewicht>175.0</gewicht>
      <geboorte>1980-11-04</geboorte>
      <kooi>G201</kooi>
    </aap>
    <aap>
      <naam>Pinky</naam>
      <gewicht>82.0</gewicht>
      <geboorte>2004-02-10</geboorte>
      <kooi>G203</kooi>
    </aap>
    <aap>
      <naam>Sneeuwvlokje</naam>
      <gewicht>95.0</gewicht>
      <geboorte>1992-01-16</geboorte>
      <kooi>G201</kooi>
    </aap>
  </soort>
  <soort>leeuwaap
    <aap>
      <naam>Java</naam>
      <gewicht>0.42</gewicht>
      <geboorte>2010-11-13</geboorte>
      <kooi>K034</kooi>
    </aap>
    <aap>
      <naam>Monkey</naam>
      <gewicht>0.65</gewicht>
      <geboorte>2002-10-15</geboorte>
      <kooi>K033</kooi>
    </aap>
  </soort>
  <soort>maki
    <aap>
      <naam>Banana</naam>
      <gewicht>1.2</gewicht>
      <geboorte>2010-10-10</geboorte>
      <kooi>K010</kooi>
    </aap>
    <aap>
      <naam>Nikita</naam>
      <gewicht>1.1</gewicht>
      <geboorte>2007-06-07</geboorte>
      <kooi>K010</kooi>
    </aap>
  </soort>
  <soort>neusaap
    <aap>
      <naam>Nancy</naam>
      <gewicht>13.0</gewicht>
      <geboorte>1999-11-09</geboorte>
      <kooi>K014</kooi>
    </aap>
    <aap>
      <naam>Pinokkio</naam>
      <gewicht>11.0</gewicht>
      <geboorte>2003-09-19</geboorte>
      <kooi>K016</kooi>
    </aap>
  </soort>
  <soort>orang-oetan
    <aap>
      <naam>Kingkong</naam>
      <gewicht>67.0</gewicht>
      <geboorte>1982-09-20</geboorte>
      <kooi>G214</kooi>
    </aap>
    <aap>
      <naam>Louie</naam>
      <gewicht>75.0</gewicht>
      <geboorte>1992-01-24</geboorte>
      <kooi>G215</kooi>
    </aap>
    <aap>
      <naam>Rosa</naam>
      <gewicht>73.0</gewicht>
      <geboorte>1992-01-24</geboorte>
      <kooi>G215</kooi>
    </aap>
  </soort>
</apen>