[{"naam":"Banana","soort":"maki","familie":"halfapen","geslacht":"VROUW","geboorte":{"year":2010,"month":10,"day":10},"gewicht":1.2,"kooi":"K010"},{"naam":"Bumba","soort":"doodshoofdaap","familie":"kapucijnapen","geslacht":"VROUW","geboorte":{"year":2007,"month":3,"day":13},"gewicht":0.7,"kooi":"K008"},{"naam":"Griezel","soort":"doodshoofdaap","familie":"kapucijnapen","geslacht":"VROUW","geboorte":{"year":2012,"month":12,"day":26},"gewicht":0.5,"kooi":"K008"},{"naam":"Grompy","soort":"brulaap","familie":"grijpstaartapen","geslacht":"MAN","geboorte":{"year":1999,"month":5,"day":13},"gewicht":7.2,"kooi":"K006"},{"naam":"Java","soort":"leeuwaap","familie":"klauwapen","geslacht":"MAN","geboorte":{"year":2010,"month":11,"day":13},"gewicht":0.42,"kooi":"K034"},{"naam":"Monkey","soort":"leeuwaap","familie":"klauwapen","geslacht":"MAN","geboorte":{"year":2002,"month":10,"day":15},"gewicht":0.65,"kooi":"K033"},{"naam":"Nancy","soort":"neusaap","familie":"bladapen","geslacht":"VROUW","geboorte":{"year":1999,"month":11,"day":9},"gewicht":13.0,"kooi":"K014"},{"naam":"Nikita","soort":"maki","familie":"halfapen","geslacht":"VROUW","geboorte":{"year":2007,"month":6,"day":7},"gewicht":1.1,"kooi":"K010"},{"naam":"Pinokkio","soort":"neusaap","familie":"bladapen","geslacht":"MAN","geboorte":{"year":2003,"month":9,"day":19},"gewicht":11.0,"kooi":"K016"},{"naam":"Shout","soort":"brulaap","familie":"grijpstaartapen","geslacht":"MAN","geboorte":{"year":1997,"month":2,"day":27},"gewicht":6.0,"kooi":"K006"}]