<?xml version="1.0" encoding="UTF-8"?>
<project-private xmlns="http://www.netbeans.org/ns/project-private/1">
    <editor-bookmarks xmlns="http://www.netbeans.org/ns/editor-bookmarks/2" lastBookmarkId="0"/>
    <open-files xmlns="http://www.netbeans.org/ns/projectui-open-files/2">
        <group name="Peer Tutoring"/>
        <group name="Project">
            <file>file:/home/wouter/Downloads/P2W5/src/AppStart.java</file>
            <file>file:/home/wouter/Downloads/P2W5/src/Bal.java</file>
            <file>file:/home/wouter/Downloads/P2W5/src/WereldUI.java</file>
            <file>file:/home/wouter/Downloads/P2W5/src/DiameterComparator.java</file>
            <file>file:/home/wouter/Downloads/P2W5/src/WorkingWereldUI.java</file>
        </group>
    </open-files>
</project-private>
