<?xml version="1.0" encoding="UTF-8" standalone="yes"?>
<MUSEUMS>
    <MUSEUM>
        <MUSEUM_NAME>Prado Museum</MUSEUM_NAME>
        <CITY>Madrid</CITY>
        <PERMANENT_EXHIBITION>
            <NAME>Permanent Exhibition - Prado Museum</NAME>
            <ARTIST>Velazquez</ARTIST>
            <ARTIST>Goya</ARTIST>
            <ARTIST>Zurbaran</ARTIST>
            <ARTIST>Tiziano</ARTIST>
            <FROM>2015-11-30</FROM>
            <TO>2016-06-15</TO>
        </PERMANENT_EXHIBITION>
        <SPECIAL_EXHIBITION>
            <NAME>Game of Bowls (1908), by Henri Matisse</NAME>
            <ARTIST>Mattise</ARTIST>
            <FROM>2016-01-01</FROM>
            <TO>2016-09-30</TO>
        </SPECIAL_EXHIBITION>
    </MUSEUM>
    <MUSEUM children_allowed="true">
        <MUSEUM_NAME>Reina Sofia Museum</MUSEUM_NAME>
        <CITY>Madrid</CITY>
        <PERMANENT_EXHIBITION>
            <NAME>Permanent Exhibition - Reina Sofia Museum</NAME>
            <ARTIST>Picasso</ARTIST>
            <ARTIST>Dali</ARTIST>
            <ARTIST>Miro</ARTIST>
            <FROM>2015-11-01</FROM>
            <TO>2016-01-01</TO>
        </PERMANENT_EXHIBITION>
    </MUSEUM>
</MUSEUMS>
