<?xml version="1.0" encoding="UTF-8"?>
<family>
  <person roll-no="1">
    <firstname>Homer</firstname>
    <lastname>Simpson</lastname>
    <age>45</age>
  </person>
  <person roll-no="2">
    <firstname>Marge</firstname>
    <lastname>Simpson</lastname>
    <age>42</age>
  </person>
  <person roll-no="3">
    <firstname>Bart</firstname>
    <lastname>Simpson</lastname>
    <age>10</age>
  </person>
  <person roll-no="4">
    <firstname>Lisa</firstname>
    <lastname>Simpson</lastname>
    <age>8</age>
  </person>
  <person roll-no="5">
    <firstname>Maggie</firstname>
    <lastname>Simpson</lastname>
    <age>1</age>
  </person>
</family>
